customer_id,customer_name,customer_segment,region,city,join_date,customer_status,loyalty_tier,customer_rating,churn_risk,preferred_payment_method,total_orders,total_spend,average_order_value
C0001,Laksh Pingle,Online,West,Pune,2025-12-25,Active,Gold,3.9,Low,Wallet,2.0,57845.18,28922.59
C0002,Krishna Gole,Wholesale,West,Mumbai,2025-09-10,Active,Silver,4.0,High,Wallet,3.0,294058.35,98019.45
C0003,Indira Guha,Retail,South,Hyderabad,2026-06-16,Active,Gold,3.1,High,Wallet,4.0,124960.39,31240.0975
C0004,Neel Narula,Retail,East,Kolkata,2026-02-26,Active,Platinum,3.5,Medium,UPI,4.0,558267.05,139566.7625
C0005,Hitesh Kothari,Wholesale,North,Jaipur,2023-03-31,Active,Gold,3.9,High,UPI,4.0,511523.45,127880.8625
C0006,Theodore Grewal,Online,West,Mumbai,2024-07-14,Active,Silver,4.7,Low,COD,2.0,114500.36000000002,57250.18000000001
C0007,Zashil Char,Retail,South,Hyderabad,2024-05-27,Active,Platinum,4.0,High,Debit Card,3.0,538633.75,179544.58333333334
C0008,Matthew Gill,Retail,North,Delhi,2023-06-30,Active,Gold,4.8,High,Debit Card,4.0,185389.44,46347.36
C0009,Yauvani Upadhyay,Retail,East,Patna,2026-03-20,Active,Gold,3.5,Medium,UPI,5.0,487771.69,97554.338
C0010,Hiral Madan,Online,South,Chennai,2026-06-02,Active,Gold,4.6,High,Wallet,3.0,279866.39,93288.79666666668
C0011,Krish Ratti,Retail,East,Patna,2024-12-27,Active,Platinum,4.3,Medium,Debit Card,3.0,100759.64,33586.54666666667
C0012,Andrew Dubey,Retail,East,Kolkata,2025-02-24,Active,Gold,4.3,Medium,Credit Card,2.0,102948.33,51474.165
C0013,Yamini Andra,Retail,South,Hyderabad,2024-06-08,Active,Silver,3.4,Low,Net Banking,2.0,238959.98,119479.99
C0014,Unnati Sandhu,Wholesale,West,Mumbai,2024-07-25,Inactive,Silver,3.9,High,COD,6.0,512623.03,85437.17166666668
C0015,Mohini Bains,Wholesale,East,Kolkata,2024-07-29,Active,Gold,4.4,Medium,Net Banking,6.0,624357.06,104059.51000000001
C0016,Ekiya Bava,Retail,North,Jaipur,2025-10-19,Active,Platinum,4.3,Low,Credit Card,5.0,475696.65,95139.33
C0017,Bachittar Bedi,Wholesale,East,Patna,2025-09-25,Active,Gold,4.9,Medium,Debit Card,1.0,96468.62,96468.62
C0018,Charvi Varughese,Online,South,Chennai,2024-11-14,Active,Silver,4.6,Low,Debit Card,2.0,279875.16,139937.58
C0019,Rohan Kakar,Retail,East,Patna,2026-01-19,Active,Silver,4.5,Medium,Debit Card,2.0,158300.41,79150.205
C0020,Pratyush Batra,Online,West,Pune,2025-12-25,Inactive,Platinum,4.2,Medium,Wallet,2.0,122169.32,61084.66
C0021,Harrison Tata,Online,North,Jaipur,2022-08-09,Active,Gold,4.6,High,Credit Card,2.0,244396.43,122198.215
C0022,Zayan D’Alia,Retail,South,Hyderabad,2022-10-07,Inactive,Platinum,3.1,High,Net Banking,3.0,99227.68000000001,33075.89333333333
C0023,Kalpit Ramachandran,Online,South,Hyderabad,2024-04-26,Active,Platinum,4.9,Low,UPI,1.0,84815.04,84815.04
C0024,Vamakshi Dubey,Retail,West,Pune,2025-11-18,Active,Silver,3.0,High,COD,0.0,0.0,0.0
C0025,Vanya Garde,Online,South,Chennai,2026-05-06,Active,Platinum,4.4,Low,COD,5.0,568802.97,113760.594
C0026,Nathan Butala,Retail,South,Chennai,2024-08-20,Active,Platinum,3.6,Low,Credit Card,4.0,223696.64,55924.16
C0027,Abeer Gara,Wholesale,West,Pune,2023-10-23,Active,Silver,4.0,Medium,Wallet,0.0,0.0,0.0
C0028,Tanish Dyal,Retail,South,Hyderabad,2022-08-03,Active,Gold,3.5,Medium,UPI,4.0,306669.65,76667.4125
C0029,Jairaj Sawhney,Online,South,Chennai,2022-08-24,Inactive,Platinum,3.7,Low,Net Banking,4.0,161243.66999999998,40310.917499999996
C0030,Ekanta Guha,Online,East,Bhubaneswar,2023-01-04,Active,Gold,3.0,Medium,Net Banking,1.0,66142.18,66142.18
C0031,Hiral Chandran,Online,East,Kolkata,2024-07-29,Inactive,Gold,4.3,Low,Credit Card,5.0,226050.94,45210.188
C0032,Ekiya Pandya,Wholesale,East,Patna,2025-10-19,Active,Silver,4.7,Low,Wallet,4.0,359307.99,89826.9975
C0033,Pahal Kanda,Retail,North,Jaipur,2025-07-27,Inactive,Gold,4.7,High,Net Banking,1.0,15344.02,15344.02
C0034,Unni Ghose,Wholesale,South,Chennai,2022-12-18,Inactive,Platinum,4.4,Medium,COD,5.0,497546.45,99509.29000000001
C0035,Dominic Grover,Online,South,Bengaluru,2025-08-10,Active,Gold,4.0,High,Debit Card,3.0,154065.63,51355.21
C0036,Harish Choudhary,Retail,West,Mumbai,2025-07-21,Inactive,Gold,4.2,Low,UPI,7.0,386594.85,55227.83571428571
C0037,Yashoda Murthy,Online,South,Hyderabad,2024-05-30,Active,Gold,5.0,Low,Wallet,3.0,169304.91,56434.97
C0038,Udarsh Raman,Wholesale,South,Bengaluru,2023-06-19,Active,Platinum,3.5,Medium,Debit Card,7.0,601244.54,85892.07714285715
C0039,Aishani Chana,Wholesale,East,Bhubaneswar,2026-02-04,Inactive,Gold,4.4,High,Credit Card,2.0,127821.7,63910.85
C0040,Laban Sodhi,Retail,North,Jaipur,2023-01-25,Active,Gold,3.4,Medium,Debit Card,3.0,383537.33999999997,127845.77999999998
C0041,Zashil Aurora,Retail,East,Kolkata,2026-03-11,Active,Silver,3.3,Medium,UPI,6.0,304252.22,50708.70333333333
C0042,Qasim Kapur,Wholesale,East,Kolkata,2023-04-09,Active,Platinum,3.0,High,Wallet,2.0,104326.87,52163.435
C0043,Kashish Sen,Retail,East,Kolkata,2024-06-24,Active,Silver,3.7,High,UPI,2.0,89475.0,44737.5
C0044,Praneel Nagi,Online,West,Pune,2023-04-07,Active,Silver,4.9,Low,Debit Card,1.0,57542.31,57542.31
C0045,Frado Lall,Retail,North,Jaipur,2023-12-16,Inactive,Platinum,4.5,Low,Credit Card,4.0,352412.19,88103.0475
C0046,Forum Rajagopalan,Online,South,Chennai,2025-04-23,Active,Silver,4.5,Medium,COD,3.0,113767.11,37922.37
C0047,Meera Morar,Online,South,Chennai,2026-05-22,Active,Gold,4.0,Low,Net Banking,5.0,385430.18000000005,77086.03600000001
C0048,Chaitanya Bansal,Wholesale,East,Patna,2023-04-01,Active,Gold,3.5,High,Credit Card,3.0,292701.97000000003,97567.32333333335
C0049,Bishakha Balasubramanian,Wholesale,North,Jaipur,2024-02-12,Active,Silver,4.7,High,Net Banking,4.0,320324.49,80081.1225
C0050,Ayush Sanghvi,Wholesale,South,Bengaluru,2023-09-11,Active,Silver,4.5,High,Wallet,4.0,353277.88,88319.47
C0051,Dalbir Jha,Retail,East,Bhubaneswar,2024-06-26,Active,Silver,4.1,Low,Debit Card,6.0,348753.7,58125.61666666667
C0052,Samarth D’Alia,Wholesale,South,Chennai,2024-05-16,Inactive,Platinum,3.1,Medium,Credit Card,6.0,251257.41999999998,41876.236666666664
C0053,Jonathan Mammen,Retail,West,Pune,2024-10-02,Active,Platinum,4.6,Low,Debit Card,2.0,90486.55,45243.275
C0054,Priya Toor,Retail,North,Delhi,2022-08-22,Active,Gold,3.6,Medium,Credit Card,3.0,282366.75,94122.25
C0055,Avni Yohannan,Wholesale,East,Kolkata,2022-09-29,Active,Silver,3.8,Medium,Debit Card,1.0,18326.92,18326.92
C0056,Mekhala Gopal,Retail,North,Chandigarh,2025-08-23,Active,Silver,3.5,Medium,COD,3.0,332940.05000000005,110980.01666666668
C0057,Amrita Dhingra,Online,East,Kolkata,2024-10-07,Active,Gold,4.1,High,COD,5.0,374296.25,74859.25
C0058,Ronith Sood,Wholesale,East,Kolkata,2025-07-09,Active,Gold,4.7,High,COD,1.0,28547.48,28547.48
C0059,Ayushman Gokhale,Wholesale,East,Kolkata,2023-04-14,Inactive,Silver,4.1,Low,Wallet,3.0,216169.18,72056.39333333333
C0060,Reyansh Dube,Online,South,Chennai,2025-07-12,Inactive,Silver,4.1,Low,Wallet,1.0,117243.04,117243.04
C0061,Ekaraj Kaul,Wholesale,South,Chennai,2022-08-09,Active,Platinum,3.2,Low,UPI,1.0,27396.01,27396.01
C0062,Fariq Nayak,Wholesale,West,Pune,2025-05-02,Inactive,Platinum,4.7,Medium,Debit Card,4.0,177424.88999999998,44356.222499999996
C0063,Ekapad Arora,Online,West,Ahmedabad,2025-08-09,Active,Gold,3.0,Low,Credit Card,3.0,221552.64,73850.88
C0064,Odika Shukla,Wholesale,South,Chennai,2026-05-28,Active,Platinum,4.5,Low,Wallet,3.0,251201.75,83733.91666666667
C0065,Vyanjana Shere,Wholesale,North,Delhi,2023-05-24,Active,Silver,3.4,Medium,Debit Card,3.0,248701.01,82900.33666666667
C0066,Laksh Oommen,Wholesale,North,Delhi,2025-01-18,Inactive,Gold,3.3,High,Net Banking,1.0,59320.65,59320.65
C0067,Yashodhara Badami,Online,North,Chandigarh,2023-05-12,Active,Platinum,3.9,Low,COD,4.0,318148.05000000005,79537.01250000001
C0068,Vaishnavi Sanghvi,Online,South,Chennai,2026-02-24,Active,Gold,4.4,Low,Credit Card,3.0,171384.4,57128.13333333333
C0069,Zarna Behl,Online,West,Mumbai,2024-01-09,Active,Silver,4.4,Low,Credit Card,4.0,126319.60999999999,31579.902499999997
C0070,Andrew Mistry,Wholesale,West,Mumbai,2024-07-16,Inactive,Platinum,4.5,Low,Wallet,4.0,299913.32,74978.33
C0071,Jason Dutt,Retail,East,Patna,2024-09-22,Active,Silver,3.6,Low,Credit Card,7.0,577063.39,82437.62714285715
C0072,Waida Chokshi,Retail,South,Bengaluru,2025-07-03,Active,Gold,3.2,Medium,Credit Card,6.0,830813.44,138468.90666666665
C0073,Daksha Saha,Wholesale,West,Mumbai,2024-04-05,Active,Platinum,4.0,High,Credit Card,2.0,182142.14,91071.07
C0074,Logan Rajagopal,Online,South,Chennai,2023-02-08,Active,Silver,3.9,Medium,UPI,3.0,175195.43,58398.47666666666
C0075,Arin Lala,Online,South,Hyderabad,2024-05-19,Active,Platinum,3.3,High,UPI,4.0,282793.72,70698.43
C0076,Gopal Dey,Online,East,Bhubaneswar,2024-02-16,Active,Platinum,4.6,Low,Credit Card,4.0,260204.81,65051.2025
C0077,Riya Kata,Retail,West,Ahmedabad,2024-11-27,Active,Gold,3.9,Low,Credit Card,2.0,324826.32,162413.16
C0078,Priya Padmanabhan,Retail,South,Bengaluru,2023-03-03,Active,Platinum,4.7,Low,UPI,5.0,404369.04,80873.80799999999
C0079,Jhalak Anne,Online,East,Patna,2026-03-16,Active,Gold,4.4,Medium,Wallet,5.0,247327.66,49465.532
C0080,Orinder Baria,Retail,West,Pune,2024-04-22,Active,Silver,3.4,High,Credit Card,3.0,290668.94,96889.64666666667
C0081,Bhavna Narayan,Wholesale,South,Hyderabad,2023-04-14,Active,Platinum,3.4,Medium,Net Banking,1.0,21637.82,21637.82
C0082,Yatan Nagarajan,Online,North,Delhi,2025-06-26,Inactive,Platinum,3.4,Medium,Wallet,4.0,177413.15,44353.2875
C0083,Veer Sankar,Wholesale,West,Pune,2025-06-30,Active,Gold,3.4,Low,COD,6.0,506345.25,84390.875
C0084,Anjali Tara,Wholesale,South,Bengaluru,2024-03-19,Active,Gold,3.1,Medium,COD,2.0,209897.95,104948.975
C0085,Saanvi More,Wholesale,East,Bhubaneswar,2024-09-11,Inactive,Silver,3.6,High,Wallet,2.0,306593.75,153296.875
C0086,Gautam Ratti,Wholesale,North,Jaipur,2025-12-08,Active,Platinum,3.2,Low,Net Banking,2.0,185475.04,92737.52
C0087,Tara Dayal,Online,West,Mumbai,2024-10-20,Active,Platinum,3.6,Medium,UPI,1.0,40025.1,40025.1
C0088,Balendra Mall,Online,North,Chandigarh,2024-03-29,Active,Silver,4.1,Medium,Wallet,2.0,118669.3,59334.65
C0089,Yashasvi Tripathi,Wholesale,West,Pune,2024-05-03,Active,Gold,3.6,Medium,COD,4.0,456119.93,114029.9825
C0090,Wahab Minhas,Wholesale,East,Kolkata,2023-06-03,Active,Silver,4.2,Medium,Debit Card,1.0,47674.45,47674.45
C0091,Indali Soman,Wholesale,South,Hyderabad,2023-04-15,Active,Silver,3.8,Medium,COD,1.0,51761.01,51761.01
C0092,Utkarsh Guha,Retail,South,Chennai,2026-06-01,Inactive,Platinum,3.2,Low,COD,4.0,169941.86000000002,42485.465000000004
C0093,Yashica Nadkarni,Online,North,Jaipur,2025-02-04,Active,Silver,4.6,Medium,Net Banking,4.0,237839.1,59459.775
C0094,Ayaan Soni,Wholesale,East,Patna,2023-11-17,Active,Gold,4.5,Medium,Credit Card,8.0,462665.35,57833.16875
C0095,Guneet Varghese,Online,East,Patna,2025-12-20,Active,Platinum,3.2,High,UPI,0.0,0.0,0.0
C0096,Janya Date,Online,South,Chennai,2024-09-16,Active,Platinum,4.8,Low,COD,3.0,114830.12,38276.706666666665
C0097,Ethan Iyengar,Retail,East,Kolkata,2024-06-07,Inactive,Gold,4.1,High,Wallet,3.0,152477.04,50825.68
C0098,Krisha Thakkar,Retail,West,Pune,2025-02-09,Active,Silver,3.1,Low,UPI,4.0,440959.25,110239.8125
C0099,David Lal,Retail,East,Patna,2024-07-11,Active,Platinum,4.0,Low,Net Banking,2.0,91499.78,45749.89
C0100,Charvi Dara,Online,East,Patna,2025-05-02,Inactive,Silver,4.0,Low,Wallet,4.0,217898.8,54474.7
C0101,Nicholas Shanker,Retail,West,Mumbai,2026-01-17,Active,Platinum,3.7,High,UPI,2.0,205828.88,102914.44
C0102,Ekani Garg,Retail,East,Bhubaneswar,2025-09-11,Active,Platinum,3.9,Medium,Credit Card,4.0,425366.93000000005,106341.73250000001
C0103,Harshil Hayer,Retail,West,Ahmedabad,2025-11-28,Inactive,Platinum,3.3,Medium,Credit Card,1.0,20075.81,20075.81
C0104,Matthew Dara,Wholesale,South,Chennai,2023-07-31,Active,Platinum,3.0,Medium,Net Banking,6.0,541662.64,90277.10666666667
C0105,Vivaan Lanka,Online,West,Mumbai,2025-04-27,Active,Platinum,3.2,Medium,Net Banking,7.0,451407.61,64486.80142857142
C0106,Reva Raju,Wholesale,East,Bhubaneswar,2026-04-21,Inactive,Gold,3.8,High,COD,7.0,387245.02,55320.717142857146
C0107,Banjeet Deol,Online,West,Pune,2022-08-09,Active,Gold,5.0,High,COD,1.0,183640.92,183640.92
C0108,Ronith Gandhi,Online,East,Patna,2023-06-15,Inactive,Gold,3.0,High,Net Banking,3.0,187893.5,62631.166666666664
C0109,Jagrati Lala,Online,South,Chennai,2024-05-17,Active,Platinum,3.1,Low,Wallet,4.0,325315.15,81328.7875
C0110,Samar Krishnan,Retail,East,Kolkata,2024-07-06,Active,Platinum,3.7,Medium,UPI,5.0,261229.16,52245.832
C0111,Urvi Bora,Wholesale,East,Kolkata,2024-01-20,Active,Gold,3.3,Low,Wallet,3.0,296790.54000000004,98930.18000000001
C0112,Dayamai Nagy,Wholesale,West,Mumbai,2025-07-20,Inactive,Silver,3.4,Medium,Credit Card,3.0,168784.06,56261.35333333333
C0113,Jack Lata,Retail,East,Bhubaneswar,2024-09-04,Active,Platinum,3.8,Medium,COD,3.0,37308.69,12436.230000000001
C0114,Gunbir Palan,Retail,North,Delhi,2023-08-06,Active,Platinum,3.1,Low,Wallet,4.0,264344.76,66086.19
C0115,Vrinda Pillay,Online,South,Bengaluru,2025-01-15,Active,Gold,3.9,Medium,COD,3.0,243300.51,81100.17
C0116,Januja Chaudhuri,Retail,West,Pune,2024-07-21,Active,Platinum,3.7,Medium,Credit Card,5.0,420029.17,84005.834
C0117,Chaitanya Ray,Wholesale,North,Jaipur,2025-02-10,Active,Silver,3.7,Medium,Net Banking,0.0,0.0,0.0
C0118,Jeet Suri,Wholesale,South,Hyderabad,2023-02-21,Active,Silver,5.0,Low,Wallet,4.0,199373.03,49843.2575
C0119,Adya Mallick,Online,West,Mumbai,2022-11-04,Active,Gold,3.6,Medium,Net Banking,3.0,60651.58,20217.193333333333
C0120,Oliver Dada,Wholesale,South,Hyderabad,2024-07-31,Inactive,Platinum,4.1,High,COD,3.0,433398.97,144466.32333333333
C0121,Hredhaan Ranganathan,Online,North,Delhi,2023-02-17,Active,Gold,3.1,High,Wallet,4.0,338778.45,84694.6125
C0122,Damyanti Murty,Retail,East,Bhubaneswar,2026-03-07,Inactive,Platinum,5.0,Low,COD,4.0,155498.38,38874.595
C0123,Veda Acharya,Wholesale,West,Ahmedabad,2026-01-21,Active,Platinum,4.9,Low,Net Banking,3.0,291337.12,97112.37333333334
C0124,Omkaar Dhillon,Wholesale,East,Patna,2025-11-12,Active,Gold,4.1,Low,UPI,0.0,0.0,0.0
C0125,Inaya Sarin,Online,West,Pune,2023-06-03,Inactive,Platinum,3.8,High,Wallet,3.0,118869.13,39623.043333333335
C0126,Irya Kari,Wholesale,South,Chennai,2023-12-12,Active,Gold,4.1,High,COD,2.0,321112.09,160556.045
C0127,Chanakya Karnik,Online,West,Pune,2022-10-02,Active,Silver,4.4,Medium,Net Banking,2.0,148572.58000000002,74286.29000000001
C0128,Vinaya Balakrishnan,Online,West,Ahmedabad,2024-08-01,Active,Silver,3.5,Low,Wallet,1.0,129678.3,129678.3
C0129,Zaid Divan,Online,West,Mumbai,2025-01-31,Active,Silver,3.5,Low,Wallet,2.0,60463.4,30231.7
C0130,Krishna Kunda,Wholesale,East,Bhubaneswar,2025-11-10,Active,Gold,3.7,Low,Debit Card,4.0,575550.35,143887.5875
C0131,Ojas Pant,Retail,South,Bengaluru,2025-10-28,Active,Silver,4.1,Low,Wallet,2.0,385212.89,192606.445
C0132,Unnati Palla,Retail,North,Jaipur,2023-04-12,Active,Gold,3.7,High,Net Banking,3.0,341562.16,113854.05333333333
C0133,Krish Mallick,Online,West,Ahmedabad,2024-04-19,Active,Platinum,4.2,High,Debit Card,3.0,217455.77,72485.25666666667
C0134,Nathaniel Raja,Retail,South,Chennai,2025-11-18,Inactive,Platinum,3.8,Low,Credit Card,4.0,379545.62,94886.405
C0135,Veer Sankaran,Retail,South,Bengaluru,2022-09-05,Active,Gold,5.0,Low,Wallet,5.0,351760.69,70352.138
C0136,Ethan Mallick,Online,South,Chennai,2023-08-04,Active,Gold,3.1,High,Net Banking,4.0,118572.28,29643.07
C0137,Dakshesh Sarma,Retail,West,Ahmedabad,2025-05-01,Inactive,Platinum,3.6,Low,UPI,3.0,268344.09,89448.03000000001
C0138,Rushil Mallick,Wholesale,East,Patna,2023-04-03,Inactive,Gold,4.5,Medium,Debit Card,2.0,224551.59,112275.795
C0139,Darika Sankar,Online,South,Hyderabad,2025-04-10,Active,Gold,4.7,Low,UPI,4.0,615493.08,153873.27
C0140,Ikshita Pal,Retail,South,Bengaluru,2025-11-03,Inactive,Platinum,4.8,Medium,Credit Card,1.0,45949.55,45949.55
C0141,Mugdha Chakrabarti,Online,North,Chandigarh,2025-12-01,Active,Platinum,3.1,Medium,COD,3.0,78552.31,26184.103333333333
C0142,Dayita Agate,Retail,West,Mumbai,2026-05-08,Active,Silver,5.0,High,Wallet,3.0,224874.69,74958.23
C0143,Edhitha Nanda,Online,North,Chandigarh,2025-04-30,Active,Silver,4.8,Medium,COD,2.0,150015.76,75007.88
C0144,Parth Das,Online,East,Bhubaneswar,2024-02-25,Active,Platinum,4.4,Medium,Wallet,2.0,67064.54000000001,33532.270000000004
C0145,Zayyan Bali,Retail,South,Chennai,2022-11-01,Inactive,Gold,4.3,Medium,COD,1.0,166253.5,166253.5
C0146,Lakshmi Jayaraman,Wholesale,West,Mumbai,2024-04-19,Inactive,Platinum,3.2,Low,Wallet,4.0,329044.0,82261.0
C0147,Orinder Sekhon,Online,South,Bengaluru,2024-10-18,Active,Gold,3.4,High,Net Banking,4.0,144570.34,36142.585
C0148,Garima Buch,Online,East,Bhubaneswar,2025-01-13,Active,Gold,3.5,Low,UPI,7.0,351298.39,50185.48428571429
C0149,Irya Seth,Retail,North,Jaipur,2023-04-03,Inactive,Silver,4.0,Low,Debit Card,3.0,157752.1,52584.03333333333
C0150,Robert Rajan,Online,South,Bengaluru,2023-09-17,Inactive,Silver,3.2,Medium,COD,3.0,55872.92,18624.306666666667
C0151,Anvi Setty,Retail,West,Mumbai,2024-10-14,Active,Silver,4.3,Low,COD,2.0,82800.76000000001,41400.380000000005
C0152,Maya Zachariah,Wholesale,West,Mumbai,2026-06-20,Active,Gold,4.1,Medium,COD,4.0,102178.76000000001,25544.690000000002
C0153,Ganga Sami,Retail,North,Delhi,2025-03-02,Active,Silver,3.8,Medium,Credit Card,4.0,333977.58999999997,83494.39749999999
C0154,Saumya Mane,Online,West,Ahmedabad,2023-06-11,Active,Platinum,3.6,High,Wallet,3.0,117348.67,39116.223333333335
C0155,Isha Dora,Retail,South,Chennai,2026-06-09,Active,Platinum,3.8,Medium,Credit Card,2.0,96071.48,48035.74
C0156,Aryan Borra,Wholesale,North,Chandigarh,2026-06-06,Active,Silver,4.0,Medium,Credit Card,3.0,196350.03,65450.01
C0157,Upma Rout,Retail,South,Bengaluru,2026-06-16,Active,Silver,3.7,Low,Net Banking,2.0,150918.7,75459.35
C0158,Jeremiah Anne,Wholesale,East,Kolkata,2022-10-15,Inactive,Platinum,4.8,Medium,Wallet,7.0,581720.26,83102.89428571428
C0159,Gaurav Dua,Wholesale,North,Delhi,2023-03-30,Inactive,Silver,4.7,High,Wallet,5.0,490567.41000000003,98113.482
C0160,Vihaan Karpe,Retail,West,Ahmedabad,2026-06-23,Active,Platinum,4.3,Low,Debit Card,3.0,304986.6,101662.2
C0161,Ekapad Nazareth,Online,East,Kolkata,2025-09-16,Active,Silver,4.7,Medium,Debit Card,5.0,290656.57,58131.314
C0162,Balvan Deol,Wholesale,West,Ahmedabad,2025-11-08,Active,Gold,3.1,High,Net Banking,5.0,527758.0,105551.6
C0163,Charan Mukhopadhyay,Online,South,Bengaluru,2023-06-13,Active,Gold,4.3,Low,Debit Card,3.0,376954.51,125651.50333333334
C0164,Jagat Hora,Retail,East,Bhubaneswar,2022-11-10,Active,Gold,3.8,Low,Net Banking,4.0,499704.05000000005,124926.01250000001
C0165,Gaurika Mitter,Retail,South,Bengaluru,2022-09-01,Active,Platinum,3.6,Low,Credit Card,4.0,176596.28999999998,44149.072499999995
C0166,Darsh Chanda,Wholesale,West,Pune,2024-01-02,Inactive,Platinum,4.1,High,Wallet,0.0,0.0,0.0
C0167,Henry Rastogi,Online,West,Pune,2025-06-13,Inactive,Platinum,4.7,Low,Debit Card,6.0,300832.03,50138.67166666667
C0168,Vrinda Wable,Online,East,Kolkata,2024-09-15,Inactive,Gold,4.5,Low,Wallet,1.0,44248.09,44248.09
C0169,Tarak Chakrabarti,Wholesale,North,Jaipur,2026-02-28,Active,Silver,3.1,Medium,Net Banking,3.0,295486.29,98495.43
C0170,Jack Upadhyay,Online,North,Delhi,2024-08-05,Active,Platinum,3.5,High,Net Banking,6.0,761959.56,126993.26000000001
C0171,Henry Narula,Retail,South,Bengaluru,2025-12-03,Active,Gold,4.5,Low,Net Banking,1.0,41634.92,41634.92
C0172,Vamakshi Sama,Online,South,Chennai,2024-01-19,Active,Platinum,4.3,Low,UPI,3.0,318342.76,106114.25333333334
C0173,Udant Tak,Retail,South,Hyderabad,2023-12-08,Active,Gold,3.1,Low,Wallet,4.0,142603.27,35650.8175
C0174,Shivani Oak,Retail,West,Pune,2023-12-10,Active,Silver,4.4,Medium,Wallet,7.0,559232.22,79890.31714285714
C0175,Gabriel Sant,Online,North,Chandigarh,2025-10-22,Active,Silver,4.4,High,Wallet,4.0,402737.3,100684.325
C0176,Anay Sekhon,Retail,West,Mumbai,2025-11-11,Inactive,Platinum,4.3,Low,COD,6.0,490195.79,81699.29833333332
C0177,Brinda Rout,Online,North,Delhi,2025-02-19,Active,Silver,4.4,Low,Wallet,3.0,334038.39,111346.13
C0178,Sara Sampath,Retail,West,Pune,2026-04-28,Inactive,Platinum,4.9,Medium,Debit Card,1.0,38681.26,38681.26
C0179,Urvi Bumb,Retail,West,Ahmedabad,2023-04-05,Active,Gold,4.2,High,UPI,6.0,254194.53,42365.755
C0180,Upasna Ram,Retail,South,Hyderabad,2024-10-09,Active,Platinum,4.7,High,UPI,4.0,393171.3,98292.825
C0181,Warinder Wali,Wholesale,West,Mumbai,2023-08-16,Active,Platinum,3.2,Medium,Net Banking,2.0,54326.33,27163.165
C0182,Ayush Parmar,Retail,North,Chandigarh,2025-12-12,Active,Platinum,4.5,Medium,COD,4.0,484889.19,121222.2975
C0183,Udant Bhattacharyya,Wholesale,West,Ahmedabad,2026-04-14,Active,Silver,4.6,Low,Credit Card,5.0,333939.31,66787.862
C0184,Vansha Tak,Wholesale,East,Kolkata,2023-04-27,Active,Platinum,3.8,Low,Debit Card,6.0,359992.28,59998.71333333334
C0185,Samarth Sha,Retail,South,Hyderabad,2022-08-08,Active,Silver,3.7,Medium,Credit Card,3.0,171951.31,57317.10333333333
C0186,Forum Savant,Online,West,Mumbai,2026-05-19,Active,Gold,4.7,High,Wallet,2.0,107248.98,53624.49
C0187,David Saraf,Online,West,Mumbai,2023-08-02,Active,Silver,4.2,High,Debit Card,4.0,192813.63,48203.4075
C0188,Faraj Saini,Online,South,Hyderabad,2024-09-27,Active,Gold,4.5,Low,COD,6.0,496363.24,82727.20666666667
C0189,Yashoda Butala,Retail,South,Chennai,2024-09-27,Active,Silver,3.5,High,Wallet,2.0,268911.89999999997,134455.94999999998
C0190,Xiti Madan,Online,East,Patna,2023-05-10,Active,Gold,4.5,High,UPI,1.0,80190.0,80190.0
C0191,Viraj Dewan,Online,West,Ahmedabad,2024-06-03,Active,Platinum,3.7,Low,Debit Card,4.0,238793.83000000002,59698.457500000004
C0192,Isaac Sood,Retail,East,Kolkata,2023-08-05,Active,Gold,3.4,Low,Debit Card,2.0,138844.71,69422.355
C0193,Dayamai Ravi,Wholesale,South,Hyderabad,2023-03-20,Inactive,Platinum,3.5,High,COD,2.0,184738.04,92369.02
C0194,Vansha Butala,Online,North,Chandigarh,2022-10-14,Active,Platinum,4.3,High,UPI,8.0,339986.47000000003,42498.308750000004
C0195,Mekhala Ramesh,Retail,South,Bengaluru,2023-12-20,Active,Platinum,3.4,Medium,Debit Card,1.0,54240.72,54240.72
C0196,Balvan Mammen,Online,South,Bengaluru,2024-07-11,Active,Silver,3.5,High,Debit Card,3.0,191891.27999999997,63963.75999999999
C0197,Udarsh Raja,Retail,West,Pune,2025-02-16,Active,Silver,3.8,Medium,Wallet,4.0,362470.36,90617.59
C0198,Mason Krishna,Online,South,Bengaluru,2026-04-02,Inactive,Platinum,3.2,High,Credit Card,4.0,212061.96,53015.49
C0199,Yauvani Kapur,Online,East,Bhubaneswar,2022-10-12,Active,Silver,4.8,Low,Debit Card,5.0,159845.58,31969.115999999998
C0200,Watika Ganesh,Wholesale,South,Bengaluru,2024-07-20,Active,Gold,3.5,Medium,Net Banking,1.0,77102.64,77102.64
C0201,Waida Nair,Wholesale,West,Ahmedabad,2025-01-29,Active,Silver,3.9,High,Wallet,5.0,542194.52,108438.90400000001
C0202,Wakeeta Chawla,Online,East,Patna,2022-11-08,Inactive,Gold,4.3,Medium,Credit Card,5.0,312292.61,62458.522
C0203,Ira Nagar,Wholesale,North,Jaipur,2022-08-25,Active,Silver,4.6,High,Debit Card,4.0,355674.9,88918.725
C0204,Qarin Kibe,Retail,West,Pune,2024-01-03,Active,Silver,3.4,Medium,COD,1.0,111133.8,111133.8
C0205,Girik Behl,Online,North,Jaipur,2022-09-20,Active,Silver,4.7,Low,Wallet,5.0,585809.92,117161.98400000001
C0206,Lavanya Nori,Retail,North,Jaipur,2024-03-04,Inactive,Gold,3.2,High,UPI,5.0,779720.85,155944.16999999998
C0207,Victor Sandal,Online,East,Patna,2024-04-14,Active,Gold,3.5,High,Wallet,6.0,404736.24,67456.04
C0208,Priya Mall,Online,North,Delhi,2025-04-11,Active,Platinum,4.0,Low,Credit Card,3.0,165756.15000000002,55252.05000000001
C0209,Yashvi Dhingra,Wholesale,South,Hyderabad,2025-12-12,Inactive,Platinum,3.1,Medium,UPI,5.0,351999.82999999996,70399.96599999999
C0210,Balvan Ghose,Wholesale,South,Bengaluru,2022-09-11,Active,Gold,3.5,Medium,UPI,4.0,315762.67000000004,78940.66750000001
C0211,Zashil Chawla,Wholesale,East,Patna,2026-06-25,Inactive,Platinum,4.2,High,Debit Card,2.0,81095.47,40547.735
C0212,Kashvi Dugal,Online,South,Hyderabad,2025-06-17,Active,Silver,4.9,High,Wallet,1.0,89036.55,89036.55
C0213,Karan Murty,Online,East,Bhubaneswar,2025-08-11,Inactive,Platinum,3.4,Low,Net Banking,3.0,50849.62,16949.873333333333
C0214,Theodore Tailor,Wholesale,North,Delhi,2024-04-27,Active,Silver,3.7,Medium,Credit Card,2.0,209118.76,104559.38
C0215,Eiravati Pillai,Wholesale,West,Pune,2026-04-26,Active,Platinum,4.8,High,COD,3.0,254530.69999999998,84843.56666666667
C0216,Saanvi Kohli,Online,East,Bhubaneswar,2026-01-04,Active,Gold,3.6,Medium,Credit Card,3.0,396940.94999999995,132313.65
C0217,Hema Dugal,Retail,West,Ahmedabad,2026-05-25,Active,Gold,4.2,High,Wallet,1.0,23638.72,23638.72
C0218,Kalpit Sahni,Retail,West,Pune,2022-10-11,Inactive,Silver,4.1,Low,Credit Card,0.0,0.0,0.0
C0219,Jeremiah Khare,Wholesale,West,Pune,2025-08-30,Active,Silver,3.4,Medium,Net Banking,4.0,394452.5,98613.125
C0220,Anirudh Sahni,Wholesale,North,Jaipur,2023-12-31,Inactive,Silver,4.1,Medium,Wallet,2.0,170259.16,85129.58
C0221,Aarav Badami,Retail,South,Hyderabad,2024-02-26,Active,Silver,3.5,High,UPI,2.0,128880.56,64440.28
C0222,Frederick Majumdar,Online,South,Chennai,2026-02-16,Active,Gold,3.6,Medium,Credit Card,7.0,358346.63,51192.375714285714
C0223,Samaksh Virk,Wholesale,West,Pune,2026-04-06,Inactive,Gold,3.3,High,Debit Card,3.0,232990.31,77663.43666666666
C0224,Zehaan Patel,Online,North,Chandigarh,2023-06-11,Active,Platinum,3.4,Low,UPI,3.0,292369.7,97456.56666666667
C0225,Raksha Pradhan,Online,South,Bengaluru,2022-11-06,Inactive,Platinum,3.5,Medium,Credit Card,4.0,267587.55,66896.8875
C0226,Benjamin Bahri,Retail,East,Bhubaneswar,2026-04-12,Inactive,Silver,4.1,Low,Debit Card,5.0,344450.22,68890.044
C0227,Mohini Ravel,Online,South,Hyderabad,2025-01-03,Inactive,Platinum,3.8,Low,Net Banking,0.0,0.0,0.0
C0228,Isaac Dixit,Retail,East,Patna,2024-03-14,Inactive,Gold,3.8,Low,Debit Card,0.0,0.0,0.0
C0229,Tarak Gole,Wholesale,South,Bengaluru,2024-06-30,Active,Silver,4.0,Low,Net Banking,3.0,361474.91000000003,120491.63666666667
C0230,David Lata,Wholesale,North,Jaipur,2023-11-23,Active,Platinum,3.6,High,UPI,5.0,289896.92,57979.384
C0231,Chatura Naik,Retail,West,Pune,2024-10-29,Active,Platinum,4.1,Medium,Debit Card,3.0,324397.77,108132.59000000001
C0232,Harita Lall,Online,East,Bhubaneswar,2022-12-09,Inactive,Platinum,4.6,High,COD,3.0,228028.52000000002,76009.50666666667
C0233,Bachittar Loke,Retail,South,Bengaluru,2022-08-27,Active,Silver,3.4,Low,Credit Card,5.0,566142.91,113228.58200000001
C0234,Warda Divan,Retail,East,Kolkata,2025-11-11,Active,Silver,4.6,Medium,UPI,2.0,235828.87,117914.435
C0235,Dev Dhar,Retail,East,Bhubaneswar,2026-05-10,Active,Platinum,3.1,Low,Credit Card,6.0,589378.03,98229.67166666668
C0236,Yachana Pant,Online,South,Bengaluru,2024-09-01,Active,Platinum,4.5,Medium,Debit Card,5.0,360590.66000000003,72118.13200000001
C0237,Harrison Dugal,Online,South,Hyderabad,2024-10-18,Active,Platinum,3.5,Medium,Credit Card,3.0,62072.26,20690.753333333334
C0238,Henry Subramaniam,Retail,West,Ahmedabad,2026-05-10,Active,Silver,4.1,Low,UPI,1.0,164754.75,164754.75
C0239,Niharika Shah,Online,West,Ahmedabad,2024-09-19,Inactive,Platinum,3.7,Medium,Credit Card,4.0,266781.01,66695.2525
C0240,Aarush Bava,Online,North,Delhi,2023-08-04,Inactive,Gold,4.7,Medium,Credit Card,2.0,229867.9,114933.95
C0241,Praneel Sarna,Online,East,Patna,2023-06-16,Active,Gold,3.2,Low,COD,4.0,287161.20999999996,71790.30249999999
C0242,Abha Dayal,Wholesale,West,Ahmedabad,2023-12-31,Inactive,Gold,4.3,Low,Wallet,3.0,115521.38,38507.12666666667
C0243,Nihal Deep,Wholesale,North,Jaipur,2023-10-12,Inactive,Gold,4.1,High,Wallet,3.0,205473.55,68491.18333333333
C0244,Warda Rai,Wholesale,West,Mumbai,2024-09-21,Active,Platinum,4.7,Medium,Net Banking,2.0,78411.0,39205.5
C0245,Ekaja Gopal,Online,West,Ahmedabad,2025-11-19,Active,Platinum,3.6,Medium,UPI,1.0,79770.24,79770.24
C0246,Ekavir Bal,Wholesale,South,Chennai,2022-08-20,Inactive,Silver,4.2,Low,COD,2.0,90052.83,45026.415
C0247,Anirudh Parekh,Retail,West,Ahmedabad,2022-10-08,Inactive,Platinum,4.2,High,Net Banking,2.0,151853.73,75926.865
C0248,Wahab Mangat,Online,East,Patna,2023-12-29,Active,Gold,4.3,Low,Debit Card,3.0,434004.42000000004,144668.14
C0249,Harsh Sani,Online,East,Bhubaneswar,2025-10-05,Inactive,Silver,3.9,Medium,COD,4.0,300520.64,75130.16
C0250,Amruta Batta,Online,South,Bengaluru,2023-05-18,Inactive,Silver,4.7,High,Wallet,4.0,250054.91999999998,62513.729999999996
C0251,Karan Sami,Wholesale,South,Bengaluru,2023-04-06,Active,Gold,5.0,Medium,Net Banking,5.0,292999.07,58599.814
C0252,Wishi Barman,Retail,South,Hyderabad,2024-08-30,Active,Gold,4.1,High,UPI,5.0,309440.36,61888.072
C0253,Arjun Varughese,Retail,West,Pune,2023-09-24,Active,Silver,4.8,Low,Credit Card,5.0,304622.39,60924.478
C0254,Lakshmi Bajwa,Online,North,Delhi,2024-08-19,Inactive,Gold,3.9,Low,Credit Card,3.0,217318.45,72439.48333333334
C0255,Jagat Chaudry,Wholesale,West,Pune,2024-12-26,Inactive,Platinum,4.6,Low,UPI,6.0,511568.73,85261.455
C0256,Kamya Chhabra,Online,West,Ahmedabad,2024-08-18,Active,Gold,3.2,Low,Debit Card,2.0,161325.22,80662.61
C0257,Nirja Bahl,Retail,West,Pune,2025-03-20,Active,Gold,3.3,Low,Debit Card,3.0,331262.16000000003,110420.72000000002
C0258,Devansh Sengupta,Retail,North,Jaipur,2025-05-27,Inactive,Silver,3.1,Medium,COD,4.0,333288.23,83322.0575
C0259,Vanya Khalsa,Retail,East,Kolkata,2023-04-20,Active,Gold,4.6,Low,COD,3.0,374403.42000000004,124801.14000000001
C0260,Michael Pillay,Wholesale,North,Jaipur,2023-03-29,Active,Platinum,3.1,Low,COD,5.0,352170.52,70434.104
C0261,Ekani Talwar,Retail,East,Bhubaneswar,2025-06-04,Active,Gold,3.0,Medium,Net Banking,5.0,306013.93,61202.786
C0262,Rajeshri Sant,Retail,East,Bhubaneswar,2024-12-06,Inactive,Silver,3.5,Low,Credit Card,5.0,409372.62,81874.524
C0263,Anjali Bahri,Retail,South,Hyderabad,2023-05-23,Inactive,Gold,3.1,High,Net Banking,4.0,241484.91999999998,60371.229999999996
C0264,Chandresh Nazareth,Online,North,Delhi,2025-02-23,Active,Platinum,3.5,Medium,Debit Card,5.0,328011.77,65602.354
C0265,Zilmil Yadav,Online,West,Ahmedabad,2024-09-03,Active,Gold,4.5,Medium,Net Banking,5.0,346516.51,69303.302
C0266,Unni Seth,Wholesale,South,Chennai,2024-10-08,Active,Platinum,4.7,Low,Debit Card,1.0,20423.1,20423.1
C0267,Dominic Wali,Retail,South,Chennai,2024-08-25,Active,Gold,4.8,High,Net Banking,3.0,294624.4,98208.13333333335
C0268,Gautami Kade,Wholesale,West,Mumbai,2022-10-11,Inactive,Silver,3.8,High,Credit Card,2.0,287887.68000000005,143943.84000000003
C0269,Aachal Karnik,Online,West,Pune,2023-04-27,Active,Platinum,3.6,Medium,Credit Card,5.0,211902.08000000002,42380.416000000005
C0270,Jacob D’Alia,Online,North,Jaipur,2022-12-30,Active,Gold,4.8,Medium,UPI,6.0,448157.64999999997,74692.94166666667
C0271,Arya Anne,Retail,South,Bengaluru,2022-12-17,Active,Gold,3.7,Low,Wallet,2.0,39977.91,19988.955
C0272,Zayan Om,Wholesale,North,Chandigarh,2023-10-16,Active,Gold,3.2,Medium,UPI,6.0,500846.6,83474.43333333333
C0273,Dalaja Sharaf,Wholesale,North,Chandigarh,2022-11-16,Active,Silver,3.6,Low,Net Banking,3.0,252595.94,84198.64666666667
C0274,Pahal Lad,Retail,West,Ahmedabad,2025-10-21,Inactive,Silver,3.9,Medium,Net Banking,2.0,82481.09,41240.545
C0275,Bina Chaudhari,Online,North,Jaipur,2026-06-16,Active,Gold,3.7,High,Wallet,2.0,198812.25,99406.125
C0276,Shivani Sangha,Online,East,Bhubaneswar,2024-01-10,Active,Silver,3.9,Low,Net Banking,4.0,104941.84,26235.46
C0277,Christopher Mammen,Online,North,Chandigarh,2025-03-01,Active,Gold,5.0,Medium,Credit Card,2.0,148615.52,74307.76
C0278,Guneet Nath,Online,West,Ahmedabad,2025-08-20,Inactive,Platinum,3.6,Low,Debit Card,6.0,376304.60000000003,62717.43333333334
C0279,Hiral Shanker,Wholesale,South,Bengaluru,2024-08-02,Inactive,Gold,3.8,Medium,Credit Card,3.0,242873.18000000002,80957.72666666667
C0280,David Bajaj,Wholesale,South,Bengaluru,2025-06-27,Active,Platinum,3.7,Medium,Wallet,2.0,52054.09,26027.045
C0281,Azad Raju,Retail,East,Bhubaneswar,2024-09-25,Active,Silver,5.0,Medium,Debit Card,4.0,400520.51,100130.1275
C0282,Bhavini Varughese,Online,North,Jaipur,2025-10-03,Active,Gold,5.0,Medium,COD,1.0,18670.38,18670.38
C0283,Amol Gade,Retail,South,Bengaluru,2024-04-25,Active,Gold,3.3,Medium,Debit Card,4.0,265397.2,66349.3
C0284,Ubika Barad,Retail,South,Chennai,2024-06-29,Inactive,Gold,3.1,Low,Credit Card,3.0,261067.12,87022.37333333334
C0285,Inaya Narayan,Wholesale,North,Delhi,2025-07-02,Active,Silver,3.1,High,UPI,3.0,280679.11,93559.70333333332
C0286,Siya Narayanan,Online,North,Delhi,2024-03-12,Active,Gold,4.4,High,COD,1.0,7718.78,7718.78
C0287,Tanay Prashad,Online,North,Jaipur,2024-05-23,Active,Gold,4.4,High,Net Banking,1.0,51639.9,51639.9
C0288,Ekalinga Mane,Retail,West,Mumbai,2023-12-12,Active,Platinum,5.0,High,Debit Card,5.0,323899.26,64779.852
C0289,Dakshesh Prashad,Online,East,Bhubaneswar,2025-11-13,Active,Silver,3.8,Low,COD,4.0,250220.40999999997,62555.10249999999
C0290,Neha Solanki,Online,West,Ahmedabad,2023-02-16,Active,Platinum,3.6,Low,COD,3.0,159048.75,53016.25
C0291,Madhavi Batra,Wholesale,North,Jaipur,2022-12-15,Active,Platinum,3.4,Medium,Credit Card,1.0,5741.52,5741.52
C0292,Falguni Palla,Retail,West,Ahmedabad,2023-07-10,Inactive,Gold,4.3,Medium,Debit Card,7.0,508300.89999999997,72614.41428571429
C0293,Ishanvi Tata,Retail,West,Pune,2022-09-16,Active,Gold,4.3,High,Wallet,4.0,164103.32,41025.83
C0294,Tanay Chandran,Wholesale,West,Pune,2024-04-22,Active,Platinum,3.4,Medium,Debit Card,1.0,26022.88,26022.88
C0295,Jagvi Warrior,Retail,North,Chandigarh,2026-03-01,Active,Platinum,3.0,Low,Debit Card,2.0,59500.55,29750.275
C0296,Harita Anand,Online,North,Jaipur,2026-02-16,Active,Gold,4.9,Low,UPI,3.0,545154.05,181718.0166666667
C0297,Oni Dube,Retail,East,Patna,2024-05-06,Inactive,Gold,3.1,High,Credit Card,4.0,366489.66000000003,91622.41500000001
C0298,Guneet Varty,Online,South,Chennai,2022-08-24,Active,Platinum,4.4,High,UPI,5.0,400843.69,80168.738
C0299,Pahal Sachdev,Online,North,Chandigarh,2025-06-03,Active,Gold,4.6,Low,Net Banking,5.0,231035.08000000002,46207.016
C0300,Wridesh Yogi,Wholesale,South,Bengaluru,2024-03-21,Active,Silver,3.5,High,Debit Card,5.0,308118.25999999995,61623.65199999999
